Year,Debit_sum,Debit_count,Debit_mean,Credit_sum,Credit_count,Credit_mean,Transaction ID_count,Net_Amount
2022,487210.1,25,19488.404,42558.509999999995,2,21279.254999999997,27,444651.58999999997
2023,1378920.82,255,5407.532627450981,53407.89,6,8901.315,261,1325512.9300000002
2024,6144717.96,1595,3852.487749216301,244210.6,10,24421.06,1605,5900507.36
2025,2309898.23,675,3422.0714518518516,350.89,2,175.445,677,2309547.34
